"","Units","scenario","region","year","account","value","rundate"
"1","million 1990$","Reference","Africa_Eastern",1975,"gdp-per-capita",0.31443,2024-02-05 11:54:21
"2","million 1990$","Reference","Africa_Eastern",1990,"gdp-per-capita",0.321787,2024-02-05 11:54:21
"3","million 1990$","Reference","Africa_Eastern",2005,"gdp-per-capita",0.385735,2024-02-05 11:54:21
"4","million 1990$","Reference","Africa_Eastern",2010,"gdp-per-capita",0.467632,2024-02-05 11:54:21
"5","million 1990$","Reference","Africa_Eastern",2015,"gdp-per-capita",0.518454,2024-02-05 11:54:21
"6","million 1990$","Reference","Africa_Eastern",2020,"gdp-per-capita",0.579346,2024-02-05 11:54:21
"7","million 1990$","Reference","Africa_Eastern",2025,"gdp-per-capita",0.682364,2024-02-05 11:54:21
"8","million 1990$","Reference","Africa_Eastern",2030,"gdp-per-capita",0.914859,2024-02-05 11:54:21
"9","million 1990$","Reference","Africa_Eastern",2035,"gdp-per-capita",1.25482,2024-02-05 11:54:21
"10","million 1990$","Reference","Africa_Eastern",2040,"gdp-per-capita",1.72374,2024-02-05 11:54:21
"11","million 1990$","Reference","Africa_Eastern",2045,"gdp-per-capita",2.34773,2024-02-05 11:54:21
"12","million 1990$","Reference","Africa_Eastern",2050,"gdp-per-capita",3.15029,2024-02-05 11:54:21
"13","million 1990$","Reference","Africa_Eastern",2055,"gdp-per-capita",4.14985,2024-02-05 11:54:21
"14","million 1990$","Reference","Africa_Eastern",2060,"gdp-per-capita",5.35702,2024-02-05 11:54:21
"15","million 1990$","Reference","Africa_Eastern",2065,"gdp-per-capita",6.7667,2024-02-05 11:54:21
"16","million 1990$","Reference","Africa_Eastern",2070,"gdp-per-capita",8.36701,2024-02-05 11:54:21
"17","million 1990$","Reference","Africa_Eastern",2075,"gdp-per-capita",10.1472,2024-02-05 11:54:21
"18","million 1990$","Reference","Africa_Eastern",2080,"gdp-per-capita",12.0963,2024-02-05 11:54:21
"19","million 1990$","Reference","Africa_Eastern",2085,"gdp-per-capita",14.2051,2024-02-05 11:54:21
"20","million 1990$","Reference","Africa_Eastern",2090,"gdp-per-capita",16.4606,2024-02-05 11:54:21
"21","million 1990$","Reference","Africa_Eastern",2095,"gdp-per-capita",18.852,2024-02-05 11:54:21
"22","million 1990$","Reference","Africa_Eastern",2100,"gdp-per-capita",21.3508,2024-02-05 11:54:21
"23","million 1990$","Reference","Africa_Northern",1975,"gdp-per-capita",1.04436,2024-02-05 11:54:21
"24","million 1990$","Reference","Africa_Northern",1990,"gdp-per-capita",1.5918,2024-02-05 11:54:21
"25","million 1990$","Reference","Africa_Northern",2005,"gdp-per-capita",1.99972,2024-02-05 11:54:21
"26","million 1990$","Reference","Africa_Northern",2010,"gdp-per-capita",2.30295,2024-02-05 11:54:21
"27","million 1990$","Reference","Africa_Northern",2015,"gdp-per-capita",2.26218,2024-02-05 11:54:21
"28","million 1990$","Reference","Africa_Northern",2020,"gdp-per-capita",2.64387,2024-02-05 11:54:21
"29","million 1990$","Reference","Africa_Northern",2025,"gdp-per-capita",3.09194,2024-02-05 11:54:21
"30","million 1990$","Reference","Africa_Northern",2030,"gdp-per-capita",3.89342,2024-02-05 11:54:21
"31","million 1990$","Reference","Africa_Northern",2035,"gdp-per-capita",4.86605,2024-02-05 11:54:21
"32","million 1990$","Reference","Africa_Northern",2040,"gdp-per-capita",5.95973,2024-02-05 11:54:21
"33","million 1990$","Reference","Africa_Northern",2045,"gdp-per-capita",7.14087,2024-02-05 11:54:21
"34","million 1990$","Reference","Africa_Northern",2050,"gdp-per-capita",8.37508,2024-02-05 11:54:21
"35","million 1990$","Reference","Africa_Northern",2055,"gdp-per-capita",9.67977,2024-02-05 11:54:21
"36","million 1990$","Reference","Africa_Northern",2060,"gdp-per-capita",11.0718,2024-02-05 11:54:21
"37","million 1990$","Reference","Africa_Northern",2065,"gdp-per-capita",12.5322,2024-02-05 11:54:21
"38","million 1990$","Reference","Africa_Northern",2070,"gdp-per-capita",13.9939,2024-02-05 11:54:21
"39","million 1990$","Reference","Africa_Northern",2075,"gdp-per-capita",15.4378,2024-02-05 11:54:21
"40","million 1990$","Reference","Africa_Northern",2080,"gdp-per-capita",16.8945,2024-02-05 11:54:21
"41","million 1990$","Reference","Africa_Northern",2085,"gdp-per-capita",18.3797,2024-02-05 11:54:21
"42","million 1990$","Reference","Africa_Northern",2090,"gdp-per-capita",19.9124,2024-02-05 11:54:21
"43","million 1990$","Reference","Africa_Northern",2095,"gdp-per-capita",21.4942,2024-02-05 11:54:21
"44","million 1990$","Reference","Africa_Northern",2100,"gdp-per-capita",23.1213,2024-02-05 11:54:21
"45","million 1990$","Reference","Africa_Southern",1975,"gdp-per-capita",0.537213,2024-02-05 11:54:21
"46","million 1990$","Reference","Africa_Southern",1990,"gdp-per-capita",0.513679,2024-02-05 11:54:21
"47","million 1990$","Reference","Africa_Southern",2005,"gdp-per-capita",0.65223,2024-02-05 11:54:21
"48","million 1990$","Reference","Africa_Southern",2010,"gdp-per-capita",0.863204,2024-02-05 11:54:21
"49","million 1990$","Reference","Africa_Southern",2015,"gdp-per-capita",0.968488,2024-02-05 11:54:21
"50","million 1990$","Reference","Africa_Southern",2020,"gdp-per-capita",0.976155,2024-02-05 11:54:21
"51","million 1990$","Reference","Africa_Southern",2025,"gdp-per-capita",1.09651,2024-02-05 11:54:21
"52","million 1990$","Reference","Africa_Southern",2030,"gdp-per-capita",1.3605,2024-02-05 11:54:21
"53","million 1990$","Reference","Africa_Southern",2035,"gdp-per-capita",1.72476,2024-02-05 11:54:21
"54","million 1990$","Reference","Africa_Southern",2040,"gdp-per-capita",2.22858,2024-02-05 11:54:21
"55","million 1990$","Reference","Africa_Southern",2045,"gdp-per-capita",2.90843,2024-02-05 11:54:21
"56","million 1990$","Reference","Africa_Southern",2050,"gdp-per-capita",3.79444,2024-02-05 11:54:21
"57","million 1990$","Reference","Africa_Southern",2055,"gdp-per-capita",4.90279,2024-02-05 11:54:21
"58","million 1990$","Reference","Africa_Southern",2060,"gdp-per-capita",6.24331,2024-02-05 11:54:21
"59","million 1990$","Reference","Africa_Southern",2065,"gdp-per-capita",7.80908,2024-02-05 11:54:21
"60","million 1990$","Reference","Africa_Southern",2070,"gdp-per-capita",9.58558,2024-02-05 11:54:21
"61","million 1990$","Reference","Africa_Southern",2075,"gdp-per-capita",11.5468,2024-02-05 11:54:21
"62","million 1990$","Reference","Africa_Southern",2080,"gdp-per-capita",13.6955,2024-02-05 11:54:21
"63","million 1990$","Reference","Africa_Southern",2085,"gdp-per-capita",16.0112,2024-02-05 11:54:21
"64","million 1990$","Reference","Africa_Southern",2090,"gdp-per-capita",18.4733,2024-02-05 11:54:21
"65","million 1990$","Reference","Africa_Southern",2095,"gdp-per-capita",21.0679,2024-02-05 11:54:21
"66","million 1990$","Reference","Africa_Southern",2100,"gdp-per-capita",23.763,2024-02-05 11:54:21
"67","million 1990$","Reference","Africa_Western",1975,"gdp-per-capita",0.859179,2024-02-05 11:54:21
"68","million 1990$","Reference","Africa_Western",1990,"gdp-per-capita",0.699672,2024-02-05 11:54:21
"69","million 1990$","Reference","Africa_Western",2005,"gdp-per-capita",0.812442,2024-02-05 11:54:21
"70","million 1990$","Reference","Africa_Western",2010,"gdp-per-capita",0.947195,2024-02-05 11:54:21
"71","million 1990$","Reference","Africa_Western",2015,"gdp-per-capita",1.04564,2024-02-05 11:54:21
"72","million 1990$","Reference","Africa_Western",2020,"gdp-per-capita",1.06614,2024-02-05 11:54:21
"73","million 1990$","Reference","Africa_Western",2025,"gdp-per-capita",1.19237,2024-02-05 11:54:21
"74","million 1990$","Reference","Africa_Western",2030,"gdp-per-capita",1.60201,2024-02-05 11:54:21
"75","million 1990$","Reference","Africa_Western",2035,"gdp-per-capita",2.16757,2024-02-05 11:54:21
"76","million 1990$","Reference","Africa_Western",2040,"gdp-per-capita",2.91399,2024-02-05 11:54:21
"77","million 1990$","Reference","Africa_Western",2045,"gdp-per-capita",3.86954,2024-02-05 11:54:21
"78","million 1990$","Reference","Africa_Western",2050,"gdp-per-capita",5.0583,2024-02-05 11:54:21
"79","million 1990$","Reference","Africa_Western",2055,"gdp-per-capita",6.50151,2024-02-05 11:54:21
"80","million 1990$","Reference","Africa_Western",2060,"gdp-per-capita",8.21271,2024-02-05 11:54:21
"81","million 1990$","Reference","Africa_Western",2065,"gdp-per-capita",10.1822,2024-02-05 11:54:21
"82","million 1990$","Reference","Africa_Western",2070,"gdp-per-capita",12.3849,2024-02-05 11:54:21
"83","million 1990$","Reference","Africa_Western",2075,"gdp-per-capita",14.794,2024-02-05 11:54:21
"84","million 1990$","Reference","Africa_Western",2080,"gdp-per-capita",17.4089,2024-02-05 11:54:21
"85","million 1990$","Reference","Africa_Western",2085,"gdp-per-capita",20.2026,2024-02-05 11:54:21
"86","million 1990$","Reference","Africa_Western",2090,"gdp-per-capita",23.1447,2024-02-05 11:54:21
"87","million 1990$","Reference","Africa_Western",2095,"gdp-per-capita",26.213,2024-02-05 11:54:21
"88","million 1990$","Reference","Africa_Western",2100,"gdp-per-capita",29.3573,2024-02-05 11:54:21
"89","million 1990$","Reference","Argentina",1975,"gdp-per-capita",5.29471,2024-02-05 11:54:21
"90","million 1990$","Reference","Argentina",1990,"gdp-per-capita",3.95815,2024-02-05 11:54:21
"91","million 1990$","Reference","Argentina",2005,"gdp-per-capita",5.69681,2024-02-05 11:54:21
"92","million 1990$","Reference","Argentina",2010,"gdp-per-capita",6.87947,2024-02-05 11:54:21
"93","million 1990$","Reference","Argentina",2015,"gdp-per-capita",7.0279,2024-02-05 11:54:21
"94","million 1990$","Reference","Argentina",2020,"gdp-per-capita",6.76198,2024-02-05 11:54:21
"95","million 1990$","Reference","Argentina",2025,"gdp-per-capita",7.84907,2024-02-05 11:54:21
"96","million 1990$","Reference","Argentina",2030,"gdp-per-capita",9.23009,2024-02-05 11:54:21
"97","million 1990$","Reference","Argentina",2035,"gdp-per-capita",10.7959,2024-02-05 11:54:21
"98","million 1990$","Reference","Argentina",2040,"gdp-per-capita",12.4178,2024-02-05 11:54:21
"99","million 1990$","Reference","Argentina",2045,"gdp-per-capita",14.0165,2024-02-05 11:54:21
"100","million 1990$","Reference","Argentina",2050,"gdp-per-capita",15.5901,2024-02-05 11:54:21
"101","million 1990$","Reference","Argentina",2055,"gdp-per-capita",17.1496,2024-02-05 11:54:21
"102","million 1990$","Reference","Argentina",2060,"gdp-per-capita",18.7068,2024-02-05 11:54:21
"103","million 1990$","Reference","Argentina",2065,"gdp-per-capita",20.2531,2024-02-05 11:54:21
"104","million 1990$","Reference","Argentina",2070,"gdp-per-capita",21.7653,2024-02-05 11:54:21
"105","million 1990$","Reference","Argentina",2075,"gdp-per-capita",23.2023,2024-02-05 11:54:21
"106","million 1990$","Reference","Argentina",2080,"gdp-per-capita",24.6524,2024-02-05 11:54:21
"107","million 1990$","Reference","Argentina",2085,"gdp-per-capita",26.1829,2024-02-05 11:54:21
"108","million 1990$","Reference","Argentina",2090,"gdp-per-capita",27.7951,2024-02-05 11:54:21
"109","million 1990$","Reference","Argentina",2095,"gdp-per-capita",29.486,2024-02-05 11:54:21
"110","million 1990$","Reference","Argentina",2100,"gdp-per-capita",31.2161,2024-02-05 11:54:21
"111","million 1990$","Reference","Australia_NZ",1975,"gdp-per-capita",17.5212,2024-02-05 11:54:21
"112","million 1990$","Reference","Australia_NZ",1990,"gdp-per-capita",23.3499,2024-02-05 11:54:21
"113","million 1990$","Reference","Australia_NZ",2005,"gdp-per-capita",31.7869,2024-02-05 11:54:21
"114","million 1990$","Reference","Australia_NZ",2010,"gdp-per-capita",33.2816,2024-02-05 11:54:21
"115","million 1990$","Reference","Australia_NZ",2015,"gdp-per-capita",35.512,2024-02-05 11:54:21
"116","million 1990$","Reference","Australia_NZ",2020,"gdp-per-capita",37.6263,2024-02-05 11:54:21
"117","million 1990$","Reference","Australia_NZ",2025,"gdp-per-capita",40.2173,2024-02-05 11:54:21
"118","million 1990$","Reference","Australia_NZ",2030,"gdp-per-capita",43.5535,2024-02-05 11:54:21
"119","million 1990$","Reference","Australia_NZ",2035,"gdp-per-capita",47.2866,2024-02-05 11:54:21
"120","million 1990$","Reference","Australia_NZ",2040,"gdp-per-capita",51.1612,2024-02-05 11:54:21
"121","million 1990$","Reference","Australia_NZ",2045,"gdp-per-capita",55.1274,2024-02-05 11:54:21
"122","million 1990$","Reference","Australia_NZ",2050,"gdp-per-capita",58.8096,2024-02-05 11:54:21
"123","million 1990$","Reference","Australia_NZ",2055,"gdp-per-capita",62.4018,2024-02-05 11:54:21
"124","million 1990$","Reference","Australia_NZ",2060,"gdp-per-capita",66.2964,2024-02-05 11:54:21
"125","million 1990$","Reference","Australia_NZ",2065,"gdp-per-capita",70.5769,2024-02-05 11:54:21
"126","million 1990$","Reference","Australia_NZ",2070,"gdp-per-capita",75.1203,2024-02-05 11:54:21
"127","million 1990$","Reference","Australia_NZ",2075,"gdp-per-capita",79.6745,2024-02-05 11:54:21
"128","million 1990$","Reference","Australia_NZ",2080,"gdp-per-capita",84.4299,2024-02-05 11:54:21
"129","million 1990$","Reference","Australia_NZ",2085,"gdp-per-capita",89.4069,2024-02-05 11:54:21
"130","million 1990$","Reference","Australia_NZ",2090,"gdp-per-capita",94.718,2024-02-05 11:54:21
"131","million 1990$","Reference","Australia_NZ",2095,"gdp-per-capita",100.442,2024-02-05 11:54:21
"132","million 1990$","Reference","Australia_NZ",2100,"gdp-per-capita",106.523,2024-02-05 11:54:21
"133","million 1990$","Reference","Brazil",1975,"gdp-per-capita",4.46924,2024-02-05 11:54:21
"134","million 1990$","Reference","Brazil",1990,"gdp-per-capita",5.28111,2024-02-05 11:54:21
"135","million 1990$","Reference","Brazil",2005,"gdp-per-capita",6.29041,2024-02-05 11:54:21
"136","million 1990$","Reference","Brazil",2010,"gdp-per-capita",7.4451,2024-02-05 11:54:21
"137","million 1990$","Reference","Brazil",2015,"gdp-per-capita",7.54278,2024-02-05 11:54:21
"138","million 1990$","Reference","Brazil",2020,"gdp-per-capita",7.57451,2024-02-05 11:54:21
"139","million 1990$","Reference","Brazil",2025,"gdp-per-capita",8.36847,2024-02-05 11:54:21
"140","million 1990$","Reference","Brazil",2030,"gdp-per-capita",9.83625,2024-02-05 11:54:21
"141","million 1990$","Reference","Brazil",2035,"gdp-per-capita",11.5903,2024-02-05 11:54:21
"142","million 1990$","Reference","Brazil",2040,"gdp-per-capita",13.5616,2024-02-05 11:54:21
"143","million 1990$","Reference","Brazil",2045,"gdp-per-capita",15.6634,2024-02-05 11:54:21
"144","million 1990$","Reference","Brazil",2050,"gdp-per-capita",17.8353,2024-02-05 11:54:21
"145","million 1990$","Reference","Brazil",2055,"gdp-per-capita",20.1109,2024-02-05 11:54:21
"146","million 1990$","Reference","Brazil",2060,"gdp-per-capita",22.4863,2024-02-05 11:54:21
"147","million 1990$","Reference","Brazil",2065,"gdp-per-capita",24.8703,2024-02-05 11:54:21
"148","million 1990$","Reference","Brazil",2070,"gdp-per-capita",27.2629,2024-02-05 11:54:21
"149","million 1990$","Reference","Brazil",2075,"gdp-per-capita",29.762,2024-02-05 11:54:21
"150","million 1990$","Reference","Brazil",2080,"gdp-per-capita",32.3436,2024-02-05 11:54:21
"151","million 1990$","Reference","Brazil",2085,"gdp-per-capita",35.0089,2024-02-05 11:54:21
"152","million 1990$","Reference","Brazil",2090,"gdp-per-capita",37.8467,2024-02-05 11:54:21
"153","million 1990$","Reference","Brazil",2095,"gdp-per-capita",40.8833,2024-02-05 11:54:21
"154","million 1990$","Reference","Brazil",2100,"gdp-per-capita",44.0918,2024-02-05 11:54:21
"155","million 1990$","Reference","Canada",1975,"gdp-per-capita",18.5079,2024-02-05 11:54:21
"156","million 1990$","Reference","Canada",1990,"gdp-per-capita",24.2897,2024-02-05 11:54:21
"157","million 1990$","Reference","Canada",2005,"gdp-per-capita",31.2679,2024-02-05 11:54:21
"158","million 1990$","Reference","Canada",2010,"gdp-per-capita",31.1692,2024-02-05 11:54:21
"159","million 1990$","Reference","Canada",2015,"gdp-per-capita",33.0052,2024-02-05 11:54:21
"160","million 1990$","Reference","Canada",2020,"gdp-per-capita",34.2834,2024-02-05 11:54:21
"161","million 1990$","Reference","Canada",2025,"gdp-per-capita",35.4097,2024-02-05 11:54:21
"162","million 1990$","Reference","Canada",2030,"gdp-per-capita",36.8986,2024-02-05 11:54:21
"163","million 1990$","Reference","Canada",2035,"gdp-per-capita",38.9106,2024-02-05 11:54:21
"164","million 1990$","Reference","Canada",2040,"gdp-per-capita",41.179,2024-02-05 11:54:21
"165","million 1990$","Reference","Canada",2045,"gdp-per-capita",43.5125,2024-02-05 11:54:21
"166","million 1990$","Reference","Canada",2050,"gdp-per-capita",45.7571,2024-02-05 11:54:21
"167","million 1990$","Reference","Canada",2055,"gdp-per-capita",48.0061,2024-02-05 11:54:21
"168","million 1990$","Reference","Canada",2060,"gdp-per-capita",50.5287,2024-02-05 11:54:21
"169","million 1990$","Reference","Canada",2065,"gdp-per-capita",53.5016,2024-02-05 11:54:21
"170","million 1990$","Reference","Canada",2070,"gdp-per-capita",56.8412,2024-02-05 11:54:21
"171","million 1990$","Reference","Canada",2075,"gdp-per-capita",60.3357,2024-02-05 11:54:21
"172","million 1990$","Reference","Canada",2080,"gdp-per-capita",64.0243,2024-02-05 11:54:21
"173","million 1990$","Reference","Canada",2085,"gdp-per-capita",67.9381,2024-02-05 11:54:21
"174","million 1990$","Reference","Canada",2090,"gdp-per-capita",72.1477,2024-02-05 11:54:21
"175","million 1990$","Reference","Canada",2095,"gdp-per-capita",76.7188,2024-02-05 11:54:21
"176","million 1990$","Reference","Canada",2100,"gdp-per-capita",81.6466,2024-02-05 11:54:21
"177","million 1990$","Reference","Central America and Caribbean",1975,"gdp-per-capita",1.70751,2024-02-05 11:54:21
"178","million 1990$","Reference","Central America and Caribbean",1990,"gdp-per-capita",1.89643,2024-02-05 11:54:21
"179","million 1990$","Reference","Central America and Caribbean",2005,"gdp-per-capita",2.35629,2024-02-05 11:54:21
"180","million 1990$","Reference","Central America and Caribbean",2010,"gdp-per-capita",2.70281,2024-02-05 11:54:21
"181","million 1990$","Reference","Central America and Caribbean",2015,"gdp-per-capita",3.04163,2024-02-05 11:54:21
"182","million 1990$","Reference","Central America and Caribbean",2020,"gdp-per-capita",3.36045,2024-02-05 11:54:21
"183","million 1990$","Reference","Central America and Caribbean",2025,"gdp-per-capita",3.84107,2024-02-05 11:54:21
"184","million 1990$","Reference","Central America and Caribbean",2030,"gdp-per-capita",4.65746,2024-02-05 11:54:21
"185","million 1990$","Reference","Central America and Caribbean",2035,"gdp-per-capita",5.68885,2024-02-05 11:54:21
"186","million 1990$","Reference","Central America and Caribbean",2040,"gdp-per-capita",6.91691,2024-02-05 11:54:21
"187","million 1990$","Reference","Central America and Caribbean",2045,"gdp-per-capita",8.33426,2024-02-05 11:54:21
"188","million 1990$","Reference","Central America and Caribbean",2050,"gdp-per-capita",9.9097,2024-02-05 11:54:21
"189","million 1990$","Reference","Central America and Caribbean",2055,"gdp-per-capita",11.6368,2024-02-05 11:54:21
"190","million 1990$","Reference","Central America and Caribbean",2060,"gdp-per-capita",13.5039,2024-02-05 11:54:21
"191","million 1990$","Reference","Central America and Caribbean",2065,"gdp-per-capita",15.4839,2024-02-05 11:54:21
"192","million 1990$","Reference","Central America and Caribbean",2070,"gdp-per-capita",17.5483,2024-02-05 11:54:21
"193","million 1990$","Reference","Central America and Caribbean",2075,"gdp-per-capita",19.689,2024-02-05 11:54:21
"194","million 1990$","Reference","Central America and Caribbean",2080,"gdp-per-capita",21.9732,2024-02-05 11:54:21
"195","million 1990$","Reference","Central America and Caribbean",2085,"gdp-per-capita",24.3893,2024-02-05 11:54:21
"196","million 1990$","Reference","Central America and Caribbean",2090,"gdp-per-capita",26.936,2024-02-05 11:54:21
"197","million 1990$","Reference","Central America and Caribbean",2095,"gdp-per-capita",29.6427,2024-02-05 11:54:21
"198","million 1990$","Reference","Central America and Caribbean",2100,"gdp-per-capita",32.4967,2024-02-05 11:54:21
"199","million 1990$","Reference","Central Asia",1975,"gdp-per-capita",1.59219,2024-02-05 11:54:21
"200","million 1990$","Reference","Central Asia",1990,"gdp-per-capita",1.84246,2024-02-05 11:54:21
"201","million 1990$","Reference","Central Asia",2005,"gdp-per-capita",1.75317,2024-02-05 11:54:21
"202","million 1990$","Reference","Central Asia",2010,"gdp-per-capita",2.43636,2024-02-05 11:54:21
"203","million 1990$","Reference","Central Asia",2015,"gdp-per-capita",2.93704,2024-02-05 11:54:21
"204","million 1990$","Reference","Central Asia",2020,"gdp-per-capita",3.44684,2024-02-05 11:54:21
"205","million 1990$","Reference","Central Asia",2025,"gdp-per-capita",4.20221,2024-02-05 11:54:21
"206","million 1990$","Reference","Central Asia",2030,"gdp-per-capita",5.31326,2024-02-05 11:54:21
"207","million 1990$","Reference","Central Asia",2035,"gdp-per-capita",6.54611,2024-02-05 11:54:21
"208","million 1990$","Reference","Central Asia",2040,"gdp-per-capita",7.82163,2024-02-05 11:54:21
"209","million 1990$","Reference","Central Asia",2045,"gdp-per-capita",9.03876,2024-02-05 11:54:21
"210","million 1990$","Reference","Central Asia",2050,"gdp-per-capita",10.1334,2024-02-05 11:54:21
"211","million 1990$","Reference","Central Asia",2055,"gdp-per-capita",11.176,2024-02-05 11:54:21
"212","million 1990$","Reference","Central Asia",2060,"gdp-per-capita",12.2826,2024-02-05 11:54:21
"213","million 1990$","Reference","Central Asia",2065,"gdp-per-capita",13.4899,2024-02-05 11:54:21
"214","million 1990$","Reference","Central Asia",2070,"gdp-per-capita",14.6901,2024-02-05 11:54:21
"215","million 1990$","Reference","Central Asia",2075,"gdp-per-capita",15.7988,2024-02-05 11:54:21
"216","million 1990$","Reference","Central Asia",2080,"gdp-per-capita",16.9138,2024-02-05 11:54:21
"217","million 1990$","Reference","Central Asia",2085,"gdp-per-capita",18.0542,2024-02-05 11:54:21
"218","million 1990$","Reference","Central Asia",2090,"gdp-per-capita",19.2578,2024-02-05 11:54:21
"219","million 1990$","Reference","Central Asia",2095,"gdp-per-capita",20.5107,2024-02-05 11:54:21
"220","million 1990$","Reference","Central Asia",2100,"gdp-per-capita",21.7502,2024-02-05 11:54:21
"221","million 1990$","Reference","China",1975,"gdp-per-capita",0.196254,2024-02-05 11:54:21
"222","million 1990$","Reference","China",1990,"gdp-per-capita",0.524798,2024-02-05 11:54:21
"223","million 1990$","Reference","China",2005,"gdp-per-capita",1.86118,2024-02-05 11:54:21
"224","million 1990$","Reference","China",2010,"gdp-per-capita",3.04715,2024-02-05 11:54:21
"225","million 1990$","Reference","China",2015,"gdp-per-capita",4.29247,2024-02-05 11:54:21
"226","million 1990$","Reference","China",2020,"gdp-per-capita",5.80317,2024-02-05 11:54:21
"227","million 1990$","Reference","China",2025,"gdp-per-capita",7.66605,2024-02-05 11:54:21
"228","million 1990$","Reference","China",2030,"gdp-per-capita",10.2212,2024-02-05 11:54:21
"229","million 1990$","Reference","China",2035,"gdp-per-capita",12.9247,2024-02-05 11:54:21
"230","million 1990$","Reference","China",2040,"gdp-per-capita",15.5442,2024-02-05 11:54:21
"231","million 1990$","Reference","China",2045,"gdp-per-capita",18.0191,2024-02-05 11:54:21
"232","million 1990$","Reference","China",2050,"gdp-per-capita",20.1809,2024-02-05 11:54:21
"233","million 1990$","Reference","China",2055,"gdp-per-capita",21.9798,2024-02-05 11:54:21
"234","million 1990$","Reference","China",2060,"gdp-per-capita",23.6187,2024-02-05 11:54:21
"235","million 1990$","Reference","China",2065,"gdp-per-capita",25.1159,2024-02-05 11:54:21
"236","million 1990$","Reference","China",2070,"gdp-per-capita",26.472,2024-02-05 11:54:21
"237","million 1990$","Reference","China",2075,"gdp-per-capita",27.6424,2024-02-05 11:54:21
"238","million 1990$","Reference","China",2080,"gdp-per-capita",28.8316,2024-02-05 11:54:21
"239","million 1990$","Reference","China",2085,"gdp-per-capita",30.0022,2024-02-05 11:54:21
"240","million 1990$","Reference","China",2090,"gdp-per-capita",31.217,2024-02-05 11:54:21
"241","million 1990$","Reference","China",2095,"gdp-per-capita",32.527,2024-02-05 11:54:21
"242","million 1990$","Reference","China",2100,"gdp-per-capita",33.9521,2024-02-05 11:54:21
"243","million 1990$","Reference","Colombia",1975,"gdp-per-capita",2.19642,2024-02-05 11:54:21
"244","million 1990$","Reference","Colombia",1990,"gdp-per-capita",2.95034,2024-02-05 11:54:21
"245","million 1990$","Reference","Colombia",2005,"gdp-per-capita",3.55665,2024-02-05 11:54:21
"246","million 1990$","Reference","Colombia",2010,"gdp-per-capita",4.18679,2024-02-05 11:54:21
"247","million 1990$","Reference","Colombia",2015,"gdp-per-capita",4.98521,2024-02-05 11:54:21
"248","million 1990$","Reference","Colombia",2020,"gdp-per-capita",5.41817,2024-02-05 11:54:21
"249","million 1990$","Reference","Colombia",2025,"gdp-per-capita",6.23249,2024-02-05 11:54:21
"250","million 1990$","Reference","Colombia",2030,"gdp-per-capita",7.39663,2024-02-05 11:54:21
"251","million 1990$","Reference","Colombia",2035,"gdp-per-capita",8.89667,2024-02-05 11:54:21
"252","million 1990$","Reference","Colombia",2040,"gdp-per-capita",10.6389,2024-02-05 11:54:21
"253","million 1990$","Reference","Colombia",2045,"gdp-per-capita",12.5559,2024-02-05 11:54:21
"254","million 1990$","Reference","Colombia",2050,"gdp-per-capita",14.6113,2024-02-05 11:54:21
"255","million 1990$","Reference","Colombia",2055,"gdp-per-capita",16.7893,2024-02-05 11:54:21
"256","million 1990$","Reference","Colombia",2060,"gdp-per-capita",19.0704,2024-02-05 11:54:21
"257","million 1990$","Reference","Colombia",2065,"gdp-per-capita",21.4337,2024-02-05 11:54:21
"258","million 1990$","Reference","Colombia",2070,"gdp-per-capita",23.8362,2024-02-05 11:54:21
"259","million 1990$","Reference","Colombia",2075,"gdp-per-capita",26.2435,2024-02-05 11:54:21
"260","million 1990$","Reference","Colombia",2080,"gdp-per-capita",28.7312,2024-02-05 11:54:21
"261","million 1990$","Reference","Colombia",2085,"gdp-per-capita",31.2935,2024-02-05 11:54:21
"262","million 1990$","Reference","Colombia",2090,"gdp-per-capita",33.9782,2024-02-05 11:54:21
"263","million 1990$","Reference","Colombia",2095,"gdp-per-capita",36.7827,2024-02-05 11:54:21
"264","million 1990$","Reference","Colombia",2100,"gdp-per-capita",39.6634,2024-02-05 11:54:21
"265","million 1990$","Reference","EU-12",1975,"gdp-per-capita",3.52751,2024-02-05 11:54:21
"266","million 1990$","Reference","EU-12",1990,"gdp-per-capita",4.9308,2024-02-05 11:54:21
"267","million 1990$","Reference","EU-12",2005,"gdp-per-capita",7.0633,2024-02-05 11:54:21
"268","million 1990$","Reference","EU-12",2010,"gdp-per-capita",8.30532,2024-02-05 11:54:21
"269","million 1990$","Reference","EU-12",2015,"gdp-per-capita",9.49906,2024-02-05 11:54:21
"270","million 1990$","Reference","EU-12",2020,"gdp-per-capita",11.4561,2024-02-05 11:54:21
"271","million 1990$","Reference","EU-12",2025,"gdp-per-capita",13.1773,2024-02-05 11:54:21
"272","million 1990$","Reference","EU-12",2030,"gdp-per-capita",15.3268,2024-02-05 11:54:21
"273","million 1990$","Reference","EU-12",2035,"gdp-per-capita",17.6643,2024-02-05 11:54:21
"274","million 1990$","Reference","EU-12",2040,"gdp-per-capita",19.9306,2024-02-05 11:54:21
"275","million 1990$","Reference","EU-12",2045,"gdp-per-capita",21.9689,2024-02-05 11:54:21
"276","million 1990$","Reference","EU-12",2050,"gdp-per-capita",23.838,2024-02-05 11:54:21
"277","million 1990$","Reference","EU-12",2055,"gdp-per-capita",25.6421,2024-02-05 11:54:21
"278","million 1990$","Reference","EU-12",2060,"gdp-per-capita",27.5975,2024-02-05 11:54:21
"279","million 1990$","Reference","EU-12",2065,"gdp-per-capita",29.7685,2024-02-05 11:54:21
"280","million 1990$","Reference","EU-12",2070,"gdp-per-capita",32.0252,2024-02-05 11:54:21
"281","million 1990$","Reference","EU-12",2075,"gdp-per-capita",34.231,2024-02-05 11:54:21
"282","million 1990$","Reference","EU-12",2080,"gdp-per-capita",36.4637,2024-02-05 11:54:21
"283","million 1990$","Reference","EU-12",2085,"gdp-per-capita",38.7789,2024-02-05 11:54:21
"284","million 1990$","Reference","EU-12",2090,"gdp-per-capita",41.2414,2024-02-05 11:54:21
"285","million 1990$","Reference","EU-12",2095,"gdp-per-capita",43.8729,2024-02-05 11:54:21
"286","million 1990$","Reference","EU-12",2100,"gdp-per-capita",46.6531,2024-02-05 11:54:21
"287","million 1990$","Reference","EU-15",1975,"gdp-per-capita",13.4595,2024-02-05 11:54:21
"288","million 1990$","Reference","EU-15",1990,"gdp-per-capita",19.9666,2024-02-05 11:54:21
"289","million 1990$","Reference","EU-15",2005,"gdp-per-capita",25.7003,2024-02-05 11:54:21
"290","million 1990$","Reference","EU-15",2010,"gdp-per-capita",25.9933,2024-02-05 11:54:21
"291","million 1990$","Reference","EU-15",2015,"gdp-per-capita",26.8454,2024-02-05 11:54:21
"292","million 1990$","Reference","EU-15",2020,"gdp-per-capita",28.7034,2024-02-05 11:54:21
"293","million 1990$","Reference","EU-15",2025,"gdp-per-capita",30.3301,2024-02-05 11:54:21
"294","million 1990$","Reference","EU-15",2030,"gdp-per-capita",32.6462,2024-02-05 11:54:21
"295","million 1990$","Reference","EU-15",2035,"gdp-per-capita",35.3339,2024-02-05 11:54:21
"296","million 1990$","Reference","EU-15",2040,"gdp-per-capita",38.2317,2024-02-05 11:54:21
"297","million 1990$","Reference","EU-15",2045,"gdp-per-capita",41.1572,2024-02-05 11:54:21
"298","million 1990$","Reference","EU-15",2050,"gdp-per-capita",44.0122,2024-02-05 11:54:21
"299","million 1990$","Reference","EU-15",2055,"gdp-per-capita",46.9347,2024-02-05 11:54:21
"300","million 1990$","Reference","EU-15",2060,"gdp-per-capita",50.1113,2024-02-05 11:54:21
"301","million 1990$","Reference","EU-15",2065,"gdp-per-capita",53.5608,2024-02-05 11:54:21
"302","million 1990$","Reference","EU-15",2070,"gdp-per-capita",57.1648,2024-02-05 11:54:21
"303","million 1990$","Reference","EU-15",2075,"gdp-per-capita",60.8461,2024-02-05 11:54:21
"304","million 1990$","Reference","EU-15",2080,"gdp-per-capita",64.6754,2024-02-05 11:54:21
"305","million 1990$","Reference","EU-15",2085,"gdp-per-capita",68.7365,2024-02-05 11:54:21
"306","million 1990$","Reference","EU-15",2090,"gdp-per-capita",73.1003,2024-02-05 11:54:21
"307","million 1990$","Reference","EU-15",2095,"gdp-per-capita",77.7651,2024-02-05 11:54:21
"308","million 1990$","Reference","EU-15",2100,"gdp-per-capita",82.6822,2024-02-05 11:54:21
"309","million 1990$","Reference","Europe_Eastern",1975,"gdp-per-capita",1.75542,2024-02-05 11:54:21
"310","million 1990$","Reference","Europe_Eastern",1990,"gdp-per-capita",2.4729,2024-02-05 11:54:21
"311","million 1990$","Reference","Europe_Eastern",2005,"gdp-per-capita",1.89967,2024-02-05 11:54:21
"312","million 1990$","Reference","Europe_Eastern",2010,"gdp-per-capita",2.2141,2024-02-05 11:54:21
"313","million 1990$","Reference","Europe_Eastern",2015,"gdp-per-capita",2.13308,2024-02-05 11:54:21
"314","million 1990$","Reference","Europe_Eastern",2020,"gdp-per-capita",2.4741,2024-02-05 11:54:21
"315","million 1990$","Reference","Europe_Eastern",2025,"gdp-per-capita",2.96105,2024-02-05 11:54:21
"316","million 1990$","Reference","Europe_Eastern",2030,"gdp-per-capita",3.77032,2024-02-05 11:54:21
"317","million 1990$","Reference","Europe_Eastern",2035,"gdp-per-capita",4.74479,2024-02-05 11:54:21
"318","million 1990$","Reference","Europe_Eastern",2040,"gdp-per-capita",5.77644,2024-02-05 11:54:21
"319","million 1990$","Reference","Europe_Eastern",2045,"gdp-per-capita",6.7945,2024-02-05 11:54:21
"320","million 1990$","Reference","Europe_Eastern",2050,"gdp-per-capita",7.77193,2024-02-05 11:54:21
"321","million 1990$","Reference","Europe_Eastern",2055,"gdp-per-capita",8.766,2024-02-05 11:54:21
"322","million 1990$","Reference","Europe_Eastern",2060,"gdp-per-capita",9.83263,2024-02-05 11:54:21
"323","million 1990$","Reference","Europe_Eastern",2065,"gdp-per-capita",10.9557,2024-02-05 11:54:21
"324","million 1990$","Reference","Europe_Eastern",2070,"gdp-per-capita",12.053,2024-02-05 11:54:21
"325","million 1990$","Reference","Europe_Eastern",2075,"gdp-per-capita",13.0678,2024-02-05 11:54:21
"326","million 1990$","Reference","Europe_Eastern",2080,"gdp-per-capita",14.0676,2024-02-05 11:54:21
"327","million 1990$","Reference","Europe_Eastern",2085,"gdp-per-capita",15.0895,2024-02-05 11:54:21
"328","million 1990$","Reference","Europe_Eastern",2090,"gdp-per-capita",16.1496,2024-02-05 11:54:21
"329","million 1990$","Reference","Europe_Eastern",2095,"gdp-per-capita",17.2426,2024-02-05 11:54:21
"330","million 1990$","Reference","Europe_Eastern",2100,"gdp-per-capita",18.3573,2024-02-05 11:54:21
"331","million 1990$","Reference","Europe_Non_EU",1975,"gdp-per-capita",2.68782,2024-02-05 11:54:21
"332","million 1990$","Reference","Europe_Non_EU",1990,"gdp-per-capita",4.13008,2024-02-05 11:54:21
"333","million 1990$","Reference","Europe_Non_EU",2005,"gdp-per-capita",5.67763,2024-02-05 11:54:21
"334","million 1990$","Reference","Europe_Non_EU",2010,"gdp-per-capita",6.31709,2024-02-05 11:54:21
"335","million 1990$","Reference","Europe_Non_EU",2015,"gdp-per-capita",8.05546,2024-02-05 11:54:21
"336","million 1990$","Reference","Europe_Non_EU",2020,"gdp-per-capita",8.90045,2024-02-05 11:54:21
"337","million 1990$","Reference","Europe_Non_EU",2025,"gdp-per-capita",10.2101,2024-02-05 11:54:21
"338","million 1990$","Reference","Europe_Non_EU",2030,"gdp-per-capita",11.9816,2024-02-05 11:54:21
"339","million 1990$","Reference","Europe_Non_EU",2035,"gdp-per-capita",13.9537,2024-02-05 11:54:21
"340","million 1990$","Reference","Europe_Non_EU",2040,"gdp-per-capita",16.0504,2024-02-05 11:54:21
"341","million 1990$","Reference","Europe_Non_EU",2045,"gdp-per-capita",18.1743,2024-02-05 11:54:21
"342","million 1990$","Reference","Europe_Non_EU",2050,"gdp-per-capita",20.2698,2024-02-05 11:54:21
"343","million 1990$","Reference","Europe_Non_EU",2055,"gdp-per-capita",22.3914,2024-02-05 11:54:21
"344","million 1990$","Reference","Europe_Non_EU",2060,"gdp-per-capita",24.539,2024-02-05 11:54:21
"345","million 1990$","Reference","Europe_Non_EU",2065,"gdp-per-capita",26.7078,2024-02-05 11:54:21
"346","million 1990$","Reference","Europe_Non_EU",2070,"gdp-per-capita",28.8574,2024-02-05 11:54:21
"347","million 1990$","Reference","Europe_Non_EU",2075,"gdp-per-capita",30.9566,2024-02-05 11:54:21
"348","million 1990$","Reference","Europe_Non_EU",2080,"gdp-per-capita",33.1131,2024-02-05 11:54:21
"349","million 1990$","Reference","Europe_Non_EU",2085,"gdp-per-capita",35.3594,2024-02-05 11:54:21
"350","million 1990$","Reference","Europe_Non_EU",2090,"gdp-per-capita",37.7115,2024-02-05 11:54:21
"351","million 1990$","Reference","Europe_Non_EU",2095,"gdp-per-capita",40.1776,2024-02-05 11:54:21
"352","million 1990$","Reference","Europe_Non_EU",2100,"gdp-per-capita",42.7992,2024-02-05 11:54:21
"353","million 1990$","Reference","European Free Trade Association",1975,"gdp-per-capita",29.2393,2024-02-05 11:54:21
"354","million 1990$","Reference","European Free Trade Association",1990,"gdp-per-capita",41.0317,2024-02-05 11:54:21
"355","million 1990$","Reference","European Free Trade Association",2005,"gdp-per-capita",50.5281,2024-02-05 11:54:21
"356","million 1990$","Reference","European Free Trade Association",2010,"gdp-per-capita",51.8712,2024-02-05 11:54:21
"357","million 1990$","Reference","European Free Trade Association",2015,"gdp-per-capita",53.1166,2024-02-05 11:54:21
"358","million 1990$","Reference","European Free Trade Association",2020,"gdp-per-capita",55.6443,2024-02-05 11:54:21
"359","million 1990$","Reference","European Free Trade Association",2025,"gdp-per-capita",58.2054,2024-02-05 11:54:21
"360","million 1990$","Reference","European Free Trade Association",2030,"gdp-per-capita",61.9437,2024-02-05 11:54:21
"361","million 1990$","Reference","European Free Trade Association",2035,"gdp-per-capita",66.0444,2024-02-05 11:54:21
"362","million 1990$","Reference","European Free Trade Association",2040,"gdp-per-capita",70.1458,2024-02-05 11:54:21
"363","million 1990$","Reference","European Free Trade Association",2045,"gdp-per-capita",74.2553,2024-02-05 11:54:21
"364","million 1990$","Reference","European Free Trade Association",2050,"gdp-per-capita",78.4316,2024-02-05 11:54:21
"365","million 1990$","Reference","European Free Trade Association",2055,"gdp-per-capita",82.767,2024-02-05 11:54:21
"366","million 1990$","Reference","European Free Trade Association",2060,"gdp-per-capita",87.295,2024-02-05 11:54:21
"367","million 1990$","Reference","European Free Trade Association",2065,"gdp-per-capita",92.3585,2024-02-05 11:54:21
"368","million 1990$","Reference","European Free Trade Association",2070,"gdp-per-capita",97.8771,2024-02-05 11:54:21
"369","million 1990$","Reference","European Free Trade Association",2075,"gdp-per-capita",103.612,2024-02-05 11:54:21
"370","million 1990$","Reference","European Free Trade Association",2080,"gdp-per-capita",109.707,2024-02-05 11:54:21
"371","million 1990$","Reference","European Free Trade Association",2085,"gdp-per-capita",116.11,2024-02-05 11:54:21
"372","million 1990$","Reference","European Free Trade Association",2090,"gdp-per-capita",122.858,2024-02-05 11:54:21
"373","million 1990$","Reference","European Free Trade Association",2095,"gdp-per-capita",130.015,2024-02-05 11:54:21
"374","million 1990$","Reference","European Free Trade Association",2100,"gdp-per-capita",137.624,2024-02-05 11:54:21
"375","million 1990$","Reference","India",1975,"gdp-per-capita",0.252534,2024-02-05 11:54:21
"376","million 1990$","Reference","India",1990,"gdp-per-capita",0.351159,2024-02-05 11:54:21
"377","million 1990$","Reference","India",2005,"gdp-per-capita",0.636462,2024-02-05 11:54:21
"378","million 1990$","Reference","India",2010,"gdp-per-capita",0.882229,2024-02-05 11:54:21
"379","million 1990$","Reference","India",2015,"gdp-per-capita",1.15514,2024-02-05 11:54:21
"380","million 1990$","Reference","India",2020,"gdp-per-capita",1.57582,2024-02-05 11:54:21
"381","million 1990$","Reference","India",2025,"gdp-per-capita",2.16418,2024-02-05 11:54:21
"382","million 1990$","Reference","India",2030,"gdp-per-capita",2.89815,2024-02-05 11:54:21
"383","million 1990$","Reference","India",2035,"gdp-per-capita",3.83926,2024-02-05 11:54:21
"384","million 1990$","Reference","India",2040,"gdp-per-capita",4.95787,2024-02-05 11:54:21
"385","million 1990$","Reference","India",2045,"gdp-per-capita",6.21626,2024-02-05 11:54:21
"386","million 1990$","Reference","India",2050,"gdp-per-capita",7.57278,2024-02-05 11:54:21
"387","million 1990$","Reference","India",2055,"gdp-per-capita",9.0225,2024-02-05 11:54:21
"388","million 1990$","Reference","India",2060,"gdp-per-capita",10.5559,2024-02-05 11:54:21
"389","million 1990$","Reference","India",2065,"gdp-per-capita",12.1536,2024-02-05 11:54:21
"390","million 1990$","Reference","India",2070,"gdp-per-capita",13.7785,2024-02-05 11:54:21
"391","million 1990$","Reference","India",2075,"gdp-per-capita",15.4134,2024-02-05 11:54:21
"392","million 1990$","Reference","India",2080,"gdp-per-capita",17.1018,2024-02-05 11:54:21
"393","million 1990$","Reference","India",2085,"gdp-per-capita",18.8471,2024-02-05 11:54:21
"394","million 1990$","Reference","India",2090,"gdp-per-capita",20.641,2024-02-05 11:54:21
"395","million 1990$","Reference","India",2095,"gdp-per-capita",22.4821,2024-02-05 11:54:21
"396","million 1990$","Reference","India",2100,"gdp-per-capita",24.3446,2024-02-05 11:54:21
"397","million 1990$","Reference","Indonesia",1975,"gdp-per-capita",0.523366,2024-02-05 11:54:21
"398","million 1990$","Reference","Indonesia",1990,"gdp-per-capita",1.12661,2024-02-05 11:54:21
"399","million 1990$","Reference","Indonesia",2005,"gdp-per-capita",1.66517,2024-02-05 11:54:21
"400","million 1990$","Reference","Indonesia",2010,"gdp-per-capita",2.05975,2024-02-05 11:54:21
"401","million 1990$","Reference","Indonesia",2015,"gdp-per-capita",2.52278,2024-02-05 11:54:21
"402","million 1990$","Reference","Indonesia",2020,"gdp-per-capita",3.13078,2024-02-05 11:54:21
"403","million 1990$","Reference","Indonesia",2025,"gdp-per-capita",3.97946,2024-02-05 11:54:21
"404","million 1990$","Reference","Indonesia",2030,"gdp-per-capita",5.42347,2024-02-05 11:54:21
"405","million 1990$","Reference","Indonesia",2035,"gdp-per-capita",7.28075,2024-02-05 11:54:21
"406","million 1990$","Reference","Indonesia",2040,"gdp-per-capita",9.46231,2024-02-05 11:54:21
"407","million 1990$","Reference","Indonesia",2045,"gdp-per-capita",11.8438,2024-02-05 11:54:21
"408","million 1990$","Reference","Indonesia",2050,"gdp-per-capita",14.3881,2024-02-05 11:54:21
"409","million 1990$","Reference","Indonesia",2055,"gdp-per-capita",17.0911,2024-02-05 11:54:21
"410","million 1990$","Reference","Indonesia",2060,"gdp-per-capita",19.9242,2024-02-05 11:54:21
"411","million 1990$","Reference","Indonesia",2065,"gdp-per-capita",22.833,2024-02-05 11:54:21
"412","million 1990$","Reference","Indonesia",2070,"gdp-per-capita",25.7223,2024-02-05 11:54:21
"413","million 1990$","Reference","Indonesia",2075,"gdp-per-capita",28.5956,2024-02-05 11:54:21
"414","million 1990$","Reference","Indonesia",2080,"gdp-per-capita",31.4925,2024-02-05 11:54:21
"415","million 1990$","Reference","Indonesia",2085,"gdp-per-capita",34.4112,2024-02-05 11:54:21
"416","million 1990$","Reference","Indonesia",2090,"gdp-per-capita",37.3609,2024-02-05 11:54:21
"417","million 1990$","Reference","Indonesia",2095,"gdp-per-capita",40.35,2024-02-05 11:54:21
"418","million 1990$","Reference","Indonesia",2100,"gdp-per-capita",43.3533,2024-02-05 11:54:21
"419","million 1990$","Reference","Japan",1975,"gdp-per-capita",13.6968,2024-02-05 11:54:21
"420","million 1990$","Reference","Japan",1990,"gdp-per-capita",24.921,2024-02-05 11:54:21
"421","million 1990$","Reference","Japan",2005,"gdp-per-capita",29.1586,2024-02-05 11:54:21
"422","million 1990$","Reference","Japan",2010,"gdp-per-capita",29.2522,2024-02-05 11:54:21
"423","million 1990$","Reference","Japan",2015,"gdp-per-capita",30.9068,2024-02-05 11:54:21
"424","million 1990$","Reference","Japan",2020,"gdp-per-capita",32.6308,2024-02-05 11:54:21
"425","million 1990$","Reference","Japan",2025,"gdp-per-capita",34.135,2024-02-05 11:54:21
"426","million 1990$","Reference","Japan",2030,"gdp-per-capita",37.3418,2024-02-05 11:54:21
"427","million 1990$","Reference","Japan",2035,"gdp-per-capita",40.8257,2024-02-05 11:54:21
"428","million 1990$","Reference","Japan",2040,"gdp-per-capita",44.2528,2024-02-05 11:54:21
"429","million 1990$","Reference","Japan",2045,"gdp-per-capita",47.8736,2024-02-05 11:54:21
"430","million 1990$","Reference","Japan",2050,"gdp-per-capita",51.4991,2024-02-05 11:54:21
"431","million 1990$","Reference","Japan",2055,"gdp-per-capita",55.2926,2024-02-05 11:54:21
"432","million 1990$","Reference","Japan",2060,"gdp-per-capita",59.3796,2024-02-05 11:54:21
"433","million 1990$","Reference","Japan",2065,"gdp-per-capita",63.7112,2024-02-05 11:54:21
"434","million 1990$","Reference","Japan",2070,"gdp-per-capita",68.2666,2024-02-05 11:54:21
"435","million 1990$","Reference","Japan",2075,"gdp-per-capita",72.9209,2024-02-05 11:54:21
"436","million 1990$","Reference","Japan",2080,"gdp-per-capita",77.6618,2024-02-05 11:54:21
"437","million 1990$","Reference","Japan",2085,"gdp-per-capita",82.7346,2024-02-05 11:54:21
"438","million 1990$","Reference","Japan",2090,"gdp-per-capita",88.0933,2024-02-05 11:54:21
"439","million 1990$","Reference","Japan",2095,"gdp-per-capita",93.6797,2024-02-05 11:54:21
"440","million 1990$","Reference","Japan",2100,"gdp-per-capita",99.4493,2024-02-05 11:54:21
"441","million 1990$","Reference","Mexico",1975,"gdp-per-capita",4.06697,2024-02-05 11:54:21
"442","million 1990$","Reference","Mexico",1990,"gdp-per-capita",4.02428,2024-02-05 11:54:21
"443","million 1990$","Reference","Mexico",2005,"gdp-per-capita",6.11564,2024-02-05 11:54:21
"444","million 1990$","Reference","Mexico",2010,"gdp-per-capita",6.11611,2024-02-05 11:54:21
"445","million 1990$","Reference","Mexico",2015,"gdp-per-capita",6.62282,2024-02-05 11:54:21
"446","million 1990$","Reference","Mexico",2020,"gdp-per-capita",7.05892,2024-02-05 11:54:21
"447","million 1990$","Reference","Mexico",2025,"gdp-per-capita",7.82329,2024-02-05 11:54:21
"448","million 1990$","Reference","Mexico",2030,"gdp-per-capita",9.09525,2024-02-05 11:54:21
"449","million 1990$","Reference","Mexico",2035,"gdp-per-capita",10.6526,2024-02-05 11:54:21
"450","million 1990$","Reference","Mexico",2040,"gdp-per-capita",12.3808,2024-02-05 11:54:21
"451","million 1990$","Reference","Mexico",2045,"gdp-per-capita",14.2867,2024-02-05 11:54:21
"452","million 1990$","Reference","Mexico",2050,"gdp-per-capita",16.3724,2024-02-05 11:54:21
"453","million 1990$","Reference","Mexico",2055,"gdp-per-capita",18.5921,2024-02-05 11:54:21
"454","million 1990$","Reference","Mexico",2060,"gdp-per-capita",20.915,2024-02-05 11:54:21
"455","million 1990$","Reference","Mexico",2065,"gdp-per-capita",23.3297,2024-02-05 11:54:21
"456","million 1990$","Reference","Mexico",2070,"gdp-per-capita",25.7625,2024-02-05 11:54:21
"457","million 1990$","Reference","Mexico",2075,"gdp-per-capita",28.221,2024-02-05 11:54:21
"458","million 1990$","Reference","Mexico",2080,"gdp-per-capita",30.7489,2024-02-05 11:54:21
"459","million 1990$","Reference","Mexico",2085,"gdp-per-capita",33.4027,2024-02-05 11:54:21
"460","million 1990$","Reference","Mexico",2090,"gdp-per-capita",36.1912,2024-02-05 11:54:21
"461","million 1990$","Reference","Mexico",2095,"gdp-per-capita",39.1365,2024-02-05 11:54:21
"462","million 1990$","Reference","Mexico",2100,"gdp-per-capita",42.2732,2024-02-05 11:54:21
"463","million 1990$","Reference","Middle East",1975,"gdp-per-capita",5.06305,2024-02-05 11:54:21
"464","million 1990$","Reference","Middle East",1990,"gdp-per-capita",4.81022,2024-02-05 11:54:21
"465","million 1990$","Reference","Middle East",2005,"gdp-per-capita",6.09771,2024-02-05 11:54:21
"466","million 1990$","Reference","Middle East",2010,"gdp-per-capita",6.58049,2024-02-05 11:54:21
"467","million 1990$","Reference","Middle East",2015,"gdp-per-capita",6.94564,2024-02-05 11:54:21
"468","million 1990$","Reference","Middle East",2020,"gdp-per-capita",7.08709,2024-02-05 11:54:21
"469","million 1990$","Reference","Middle East",2025,"gdp-per-capita",7.51531,2024-02-05 11:54:21
"470","million 1990$","Reference","Middle East",2030,"gdp-per-capita",8.66285,2024-02-05 11:54:21
"471","million 1990$","Reference","Middle East",2035,"gdp-per-capita",9.9252,2024-02-05 11:54:21
"472","million 1990$","Reference","Middle East",2040,"gdp-per-capita",11.2052,2024-02-05 11:54:21
"473","million 1990$","Reference","Middle East",2045,"gdp-per-capita",12.4793,2024-02-05 11:54:21
"474","million 1990$","Reference","Middle East",2050,"gdp-per-capita",13.733,2024-02-05 11:54:21
"475","million 1990$","Reference","Middle East",2055,"gdp-per-capita",15.0382,2024-02-05 11:54:21
"476","million 1990$","Reference","Middle East",2060,"gdp-per-capita",16.472,2024-02-05 11:54:21
"477","million 1990$","Reference","Middle East",2065,"gdp-per-capita",18.0169,2024-02-05 11:54:21
"478","million 1990$","Reference","Middle East",2070,"gdp-per-capita",19.6037,2024-02-05 11:54:21
"479","million 1990$","Reference","Middle East",2075,"gdp-per-capita",21.2167,2024-02-05 11:54:21
"480","million 1990$","Reference","Middle East",2080,"gdp-per-capita",22.9403,2024-02-05 11:54:21
"481","million 1990$","Reference","Middle East",2085,"gdp-per-capita",24.792,2024-02-05 11:54:21
"482","million 1990$","Reference","Middle East",2090,"gdp-per-capita",26.7887,2024-02-05 11:54:21
"483","million 1990$","Reference","Middle East",2095,"gdp-per-capita",28.9328,2024-02-05 11:54:21
"484","million 1990$","Reference","Middle East",2100,"gdp-per-capita",31.1964,2024-02-05 11:54:21
"485","million 1990$","Reference","Pakistan",1975,"gdp-per-capita",0.31703,2024-02-05 11:54:21
"486","million 1990$","Reference","Pakistan",1990,"gdp-per-capita",0.481486,2024-02-05 11:54:21
"487","million 1990$","Reference","Pakistan",2005,"gdp-per-capita",0.607146,2024-02-05 11:54:21
"488","million 1990$","Reference","Pakistan",2010,"gdp-per-capita",0.6416,2024-02-05 11:54:21
"489","million 1990$","Reference","Pakistan",2015,"gdp-per-capita",0.702603,2024-02-05 11:54:21
"490","million 1990$","Reference","Pakistan",2020,"gdp-per-capita",0.801888,2024-02-05 11:54:21
"491","million 1990$","Reference","Pakistan",2025,"gdp-per-capita",0.877939,2024-02-05 11:54:21
"492","million 1990$","Reference","Pakistan",2030,"gdp-per-capita",1.11512,2024-02-05 11:54:21
"493","million 1990$","Reference","Pakistan",2035,"gdp-per-capita",1.45074,2024-02-05 11:54:21
"494","million 1990$","Reference","Pakistan",2040,"gdp-per-capita",1.8887,2024-02-05 11:54:21
"495","million 1990$","Reference","Pakistan",2045,"gdp-per-capita",2.43007,2024-02-05 11:54:21
"496","million 1990$","Reference","Pakistan",2050,"gdp-per-capita",3.06809,2024-02-05 11:54:21
"497","million 1990$","Reference","Pakistan",2055,"gdp-per-capita",3.80205,2024-02-05 11:54:21
"498","million 1990$","Reference","Pakistan",2060,"gdp-per-capita",4.63057,2024-02-05 11:54:21
"499","million 1990$","Reference","Pakistan",2065,"gdp-per-capita",5.54786,2024-02-05 11:54:21
"500","million 1990$","Reference","Pakistan",2070,"gdp-per-capita",6.55089,2024-02-05 11:54:21
"501","million 1990$","Reference","Pakistan",2075,"gdp-per-capita",7.61074,2024-02-05 11:54:21
"502","million 1990$","Reference","Pakistan",2080,"gdp-per-capita",8.72912,2024-02-05 11:54:21
"503","million 1990$","Reference","Pakistan",2085,"gdp-per-capita",9.90173,2024-02-05 11:54:21
"504","million 1990$","Reference","Pakistan",2090,"gdp-per-capita",11.1294,2024-02-05 11:54:21
"505","million 1990$","Reference","Pakistan",2095,"gdp-per-capita",12.4173,2024-02-05 11:54:21
"506","million 1990$","Reference","Pakistan",2100,"gdp-per-capita",13.744,2024-02-05 11:54:21
"507","million 1990$","Reference","Russia",1975,"gdp-per-capita",4.8753,2024-02-05 11:54:21
"508","million 1990$","Reference","Russia",1990,"gdp-per-capita",6.32207,2024-02-05 11:54:21
"509","million 1990$","Reference","Russia",2005,"gdp-per-capita",5.88322,2024-02-05 11:54:21
"510","million 1990$","Reference","Russia",2010,"gdp-per-capita",7.01112,2024-02-05 11:54:21
"511","million 1990$","Reference","Russia",2015,"gdp-per-capita",7.54457,2024-02-05 11:54:21
"512","million 1990$","Reference","Russia",2020,"gdp-per-capita",8.19963,2024-02-05 11:54:21
"513","million 1990$","Reference","Russia",2025,"gdp-per-capita",9.15324,2024-02-05 11:54:21
"514","million 1990$","Reference","Russia",2030,"gdp-per-capita",11.1893,2024-02-05 11:54:21
"515","million 1990$","Reference","Russia",2035,"gdp-per-capita",13.3861,2024-02-05 11:54:21
"516","million 1990$","Reference","Russia",2040,"gdp-per-capita",15.3841,2024-02-05 11:54:21
"517","million 1990$","Reference","Russia",2045,"gdp-per-capita",17.0086,2024-02-05 11:54:21
"518","million 1990$","Reference","Russia",2050,"gdp-per-capita",18.2631,2024-02-05 11:54:21
"519","million 1990$","Reference","Russia",2055,"gdp-per-capita",19.4004,2024-02-05 11:54:21
"520","million 1990$","Reference","Russia",2060,"gdp-per-capita",20.7245,2024-02-05 11:54:21
"521","million 1990$","Reference","Russia",2065,"gdp-per-capita",22.126,2024-02-05 11:54:21
"522","million 1990$","Reference","Russia",2070,"gdp-per-capita",23.3963,2024-02-05 11:54:21
"523","million 1990$","Reference","Russia",2075,"gdp-per-capita",24.4625,2024-02-05 11:54:21
"524","million 1990$","Reference","Russia",2080,"gdp-per-capita",25.4905,2024-02-05 11:54:21
"525","million 1990$","Reference","Russia",2085,"gdp-per-capita",26.6029,2024-02-05 11:54:21
"526","million 1990$","Reference","Russia",2090,"gdp-per-capita",27.8311,2024-02-05 11:54:21
"527","million 1990$","Reference","Russia",2095,"gdp-per-capita",29.1397,2024-02-05 11:54:21
"528","million 1990$","Reference","Russia",2100,"gdp-per-capita",30.4969,2024-02-05 11:54:21
"529","million 1990$","Reference","South Africa",1975,"gdp-per-capita",4.16579,2024-02-05 11:54:21
"530","million 1990$","Reference","South Africa",1990,"gdp-per-capita",3.99598,2024-02-05 11:54:21
"531","million 1990$","Reference","South Africa",2005,"gdp-per-capita",4.43946,2024-02-05 11:54:21
"532","million 1990$","Reference","South Africa",2010,"gdp-per-capita",4.83449,2024-02-05 11:54:21
"533","million 1990$","Reference","South Africa",2015,"gdp-per-capita",4.98928,2024-02-05 11:54:21
"534","million 1990$","Reference","South Africa",2020,"gdp-per-capita",5.03676,2024-02-05 11:54:21
"535","million 1990$","Reference","South Africa",2025,"gdp-per-capita",5.42398,2024-02-05 11:54:21
"536","million 1990$","Reference","South Africa",2030,"gdp-per-capita",6.48162,2024-02-05 11:54:21
"537","million 1990$","Reference","South Africa",2035,"gdp-per-capita",7.69039,2024-02-05 11:54:21
"538","million 1990$","Reference","South Africa",2040,"gdp-per-capita",8.98314,2024-02-05 11:54:21
"539","million 1990$","Reference","South Africa",2045,"gdp-per-capita",10.3029,2024-02-05 11:54:21
"540","million 1990$","Reference","South Africa",2050,"gdp-per-capita",11.6032,2024-02-05 11:54:21
"541","million 1990$","Reference","South Africa",2055,"gdp-per-capita",12.9043,2024-02-05 11:54:21
"542","million 1990$","Reference","South Africa",2060,"gdp-per-capita",14.2357,2024-02-05 11:54:21
"543","million 1990$","Reference","South Africa",2065,"gdp-per-capita",15.5458,2024-02-05 11:54:21
"544","million 1990$","Reference","South Africa",2070,"gdp-per-capita",16.7979,2024-02-05 11:54:21
"545","million 1990$","Reference","South Africa",2075,"gdp-per-capita",18.0256,2024-02-05 11:54:21
"546","million 1990$","Reference","South Africa",2080,"gdp-per-capita",19.2507,2024-02-05 11:54:21
"547","million 1990$","Reference","South Africa",2085,"gdp-per-capita",20.4624,2024-02-05 11:54:21
"548","million 1990$","Reference","South Africa",2090,"gdp-per-capita",21.6798,2024-02-05 11:54:21
"549","million 1990$","Reference","South Africa",2095,"gdp-per-capita",22.9109,2024-02-05 11:54:21
"550","million 1990$","Reference","South Africa",2100,"gdp-per-capita",24.1437,2024-02-05 11:54:21
"551","million 1990$","Reference","South America_Northern",1975,"gdp-per-capita",9.03456,2024-02-05 11:54:21
"552","million 1990$","Reference","South America_Northern",1990,"gdp-per-capita",5.64995,2024-02-05 11:54:21
"553","million 1990$","Reference","South America_Northern",2005,"gdp-per-capita",5.91532,2024-02-05 11:54:21
"554","million 1990$","Reference","South America_Northern",2010,"gdp-per-capita",6.60914,2024-02-05 11:54:21
"555","million 1990$","Reference","South America_Northern",2015,"gdp-per-capita",6.33042,2024-02-05 11:54:21
"556","million 1990$","Reference","South America_Northern",2020,"gdp-per-capita",2.44613,2024-02-05 11:54:21
"557","million 1990$","Reference","South America_Northern",2025,"gdp-per-capita",2.30628,2024-02-05 11:54:21
"558","million 1990$","Reference","South America_Northern",2030,"gdp-per-capita",2.63717,2024-02-05 11:54:21
"559","million 1990$","Reference","South America_Northern",2035,"gdp-per-capita",2.99282,2024-02-05 11:54:21
"560","million 1990$","Reference","South America_Northern",2040,"gdp-per-capita",3.39064,2024-02-05 11:54:21
"561","million 1990$","Reference","South America_Northern",2045,"gdp-per-capita",3.83459,2024-02-05 11:54:21
"562","million 1990$","Reference","South America_Northern",2050,"gdp-per-capita",4.31758,2024-02-05 11:54:21
"563","million 1990$","Reference","South America_Northern",2055,"gdp-per-capita",4.84644,2024-02-05 11:54:21
"564","million 1990$","Reference","South America_Northern",2060,"gdp-per-capita",5.42373,2024-02-05 11:54:21
"565","million 1990$","Reference","South America_Northern",2065,"gdp-per-capita",6.037,2024-02-05 11:54:21
"566","million 1990$","Reference","South America_Northern",2070,"gdp-per-capita",6.66927,2024-02-05 11:54:21
"567","million 1990$","Reference","South America_Northern",2075,"gdp-per-capita",7.30977,2024-02-05 11:54:21
"568","million 1990$","Reference","South America_Northern",2080,"gdp-per-capita",7.98061,2024-02-05 11:54:21
"569","million 1990$","Reference","South America_Northern",2085,"gdp-per-capita",8.67768,2024-02-05 11:54:21
"570","million 1990$","Reference","South America_Northern",2090,"gdp-per-capita",9.41134,2024-02-05 11:54:21
"571","million 1990$","Reference","South America_Northern",2095,"gdp-per-capita",10.1818,2024-02-05 11:54:21
"572","million 1990$","Reference","South America_Northern",2100,"gdp-per-capita",10.9797,2024-02-05 11:54:21
"573","million 1990$","Reference","South America_Southern",1975,"gdp-per-capita",2.24155,2024-02-05 11:54:21
"574","million 1990$","Reference","South America_Southern",1990,"gdp-per-capita",2.39747,2024-02-05 11:54:21
"575","million 1990$","Reference","South America_Southern",2005,"gdp-per-capita",3.52858,2024-02-05 11:54:21
"576","million 1990$","Reference","South America_Southern",2010,"gdp-per-capita",4.21177,2024-02-05 11:54:21
"577","million 1990$","Reference","South America_Southern",2015,"gdp-per-capita",4.89916,2024-02-05 11:54:21
"578","million 1990$","Reference","South America_Southern",2020,"gdp-per-capita",5.42218,2024-02-05 11:54:21
"579","million 1990$","Reference","South America_Southern",2025,"gdp-per-capita",6.2413,2024-02-05 11:54:21
"580","million 1990$","Reference","South America_Southern",2030,"gdp-per-capita",7.60236,2024-02-05 11:54:21
"581","million 1990$","Reference","South America_Southern",2035,"gdp-per-capita",9.20852,2024-02-05 11:54:21
"582","million 1990$","Reference","South America_Southern",2040,"gdp-per-capita",11.0045,2024-02-05 11:54:21
"583","million 1990$","Reference","South America_Southern",2045,"gdp-per-capita",12.9454,2024-02-05 11:54:21
"584","million 1990$","Reference","South America_Southern",2050,"gdp-per-capita",14.9776,2024-02-05 11:54:21
"585","million 1990$","Reference","South America_Southern",2055,"gdp-per-capita",17.0902,2024-02-05 11:54:21
"586","million 1990$","Reference","South America_Southern",2060,"gdp-per-capita",19.2767,2024-02-05 11:54:21
"587","million 1990$","Reference","South America_Southern",2065,"gdp-per-capita",21.5206,2024-02-05 11:54:21
"588","million 1990$","Reference","South America_Southern",2070,"gdp-per-capita",23.7916,2024-02-05 11:54:21
"589","million 1990$","Reference","South America_Southern",2075,"gdp-per-capita",26.0718,2024-02-05 11:54:21
"590","million 1990$","Reference","South America_Southern",2080,"gdp-per-capita",28.4334,2024-02-05 11:54:21
"591","million 1990$","Reference","South America_Southern",2085,"gdp-per-capita",30.8841,2024-02-05 11:54:21
"592","million 1990$","Reference","South America_Southern",2090,"gdp-per-capita",33.4378,2024-02-05 11:54:21
"593","million 1990$","Reference","South America_Southern",2095,"gdp-per-capita",36.1325,2024-02-05 11:54:21
"594","million 1990$","Reference","South America_Southern",2100,"gdp-per-capita",38.9519,2024-02-05 11:54:21
"595","million 1990$","Reference","South Asia",1975,"gdp-per-capita",0.22523,2024-02-05 11:54:21
"596","million 1990$","Reference","South Asia",1990,"gdp-per-capita",0.32757,2024-02-05 11:54:21
"597","million 1990$","Reference","South Asia",2005,"gdp-per-capita",0.476591,2024-02-05 11:54:21
"598","million 1990$","Reference","South Asia",2010,"gdp-per-capita",0.607841,2024-02-05 11:54:21
"599","million 1990$","Reference","South Asia",2015,"gdp-per-capita",0.765585,2024-02-05 11:54:21
"600","million 1990$","Reference","South Asia",2020,"gdp-per-capita",0.964318,2024-02-05 11:54:21
"601","million 1990$","Reference","South Asia",2025,"gdp-per-capita",1.23347,2024-02-05 11:54:21
"602","million 1990$","Reference","South Asia",2030,"gdp-per-capita",1.64546,2024-02-05 11:54:21
"603","million 1990$","Reference","South Asia",2035,"gdp-per-capita",2.19537,2024-02-05 11:54:21
"604","million 1990$","Reference","South Asia",2040,"gdp-per-capita",2.88667,2024-02-05 11:54:21
"605","million 1990$","Reference","South Asia",2045,"gdp-per-capita",3.71773,2024-02-05 11:54:21
"606","million 1990$","Reference","South Asia",2050,"gdp-per-capita",4.6882,2024-02-05 11:54:21
"607","million 1990$","Reference","South Asia",2055,"gdp-per-capita",5.79884,2024-02-05 11:54:21
"608","million 1990$","Reference","South Asia",2060,"gdp-per-capita",7.05005,2024-02-05 11:54:21
"609","million 1990$","Reference","South Asia",2065,"gdp-per-capita",8.41933,2024-02-05 11:54:21
"610","million 1990$","Reference","South Asia",2070,"gdp-per-capita",9.88974,2024-02-05 11:54:21
"611","million 1990$","Reference","South Asia",2075,"gdp-per-capita",11.4652,2024-02-05 11:54:21
"612","million 1990$","Reference","South Asia",2080,"gdp-per-capita",13.1442,2024-02-05 11:54:21
"613","million 1990$","Reference","South Asia",2085,"gdp-per-capita",14.9208,2024-02-05 11:54:21
"614","million 1990$","Reference","South Asia",2090,"gdp-per-capita",16.8002,2024-02-05 11:54:21
"615","million 1990$","Reference","South Asia",2095,"gdp-per-capita",18.79,2024-02-05 11:54:21
"616","million 1990$","Reference","South Asia",2100,"gdp-per-capita",20.8732,2024-02-05 11:54:21
"617","million 1990$","Reference","South Korea",1975,"gdp-per-capita",1.86828,2024-02-05 11:54:21
"618","million 1990$","Reference","South Korea",1990,"gdp-per-capita",5.57778,2024-02-05 11:54:21
"619","million 1990$","Reference","South Korea",2005,"gdp-per-capita",12.1192,2024-02-05 11:54:21
"620","million 1990$","Reference","South Korea",2010,"gdp-per-capita",14.5726,2024-02-05 11:54:21
"621","million 1990$","Reference","South Korea",2015,"gdp-per-capita",16.4686,2024-02-05 11:54:21
"622","million 1990$","Reference","South Korea",2020,"gdp-per-capita",18.681,2024-02-05 11:54:21
"623","million 1990$","Reference","South Korea",2025,"gdp-per-capita",21.4114,2024-02-05 11:54:21
"624","million 1990$","Reference","South Korea",2030,"gdp-per-capita",24.5767,2024-02-05 11:54:21
"625","million 1990$","Reference","South Korea",2035,"gdp-per-capita",27.6478,2024-02-05 11:54:21
"626","million 1990$","Reference","South Korea",2040,"gdp-per-capita",30.5115,2024-02-05 11:54:21
"627","million 1990$","Reference","South Korea",2045,"gdp-per-capita",33.2202,2024-02-05 11:54:21
"628","million 1990$","Reference","South Korea",2050,"gdp-per-capita",35.7641,2024-02-05 11:54:21
"629","million 1990$","Reference","South Korea",2055,"gdp-per-capita",38.3276,2024-02-05 11:54:21
"630","million 1990$","Reference","South Korea",2060,"gdp-per-capita",40.6689,2024-02-05 11:54:21
"631","million 1990$","Reference","South Korea",2065,"gdp-per-capita",42.9943,2024-02-05 11:54:21
"632","million 1990$","Reference","South Korea",2070,"gdp-per-capita",45.5941,2024-02-05 11:54:21
"633","million 1990$","Reference","South Korea",2075,"gdp-per-capita",48.2568,2024-02-05 11:54:21
"634","million 1990$","Reference","South Korea",2080,"gdp-per-capita",51.0783,2024-02-05 11:54:21
"635","million 1990$","Reference","South Korea",2085,"gdp-per-capita",53.9251,2024-02-05 11:54:21
"636","million 1990$","Reference","South Korea",2090,"gdp-per-capita",56.7938,2024-02-05 11:54:21
"637","million 1990$","Reference","South Korea",2095,"gdp-per-capita",59.7605,2024-02-05 11:54:21
"638","million 1990$","Reference","South Korea",2100,"gdp-per-capita",62.8337,2024-02-05 11:54:21
"639","million 1990$","Reference","Southeast Asia",1975,"gdp-per-capita",0.633926,2024-02-05 11:54:21
"640","million 1990$","Reference","Southeast Asia",1990,"gdp-per-capita",1.01766,2024-02-05 11:54:21
"641","million 1990$","Reference","Southeast Asia",2005,"gdp-per-capita",1.73497,2024-02-05 11:54:21
"642","million 1990$","Reference","Southeast Asia",2010,"gdp-per-capita",2.09983,2024-02-05 11:54:21
"643","million 1990$","Reference","Southeast Asia",2015,"gdp-per-capita",2.4972,2024-02-05 11:54:21
"644","million 1990$","Reference","Southeast Asia",2020,"gdp-per-capita",3.02286,2024-02-05 11:54:21
"645","million 1990$","Reference","Southeast Asia",2025,"gdp-per-capita",3.69817,2024-02-05 11:54:21
"646","million 1990$","Reference","Southeast Asia",2030,"gdp-per-capita",4.61921,2024-02-05 11:54:21
"647","million 1990$","Reference","Southeast Asia",2035,"gdp-per-capita",5.73092,2024-02-05 11:54:21
"648","million 1990$","Reference","Southeast Asia",2040,"gdp-per-capita",7.00163,2024-02-05 11:54:21
"649","million 1990$","Reference","Southeast Asia",2045,"gdp-per-capita",8.40101,2024-02-05 11:54:21
"650","million 1990$","Reference","Southeast Asia",2050,"gdp-per-capita",9.90367,2024-02-05 11:54:21
"651","million 1990$","Reference","Southeast Asia",2055,"gdp-per-capita",11.5137,2024-02-05 11:54:21
"652","million 1990$","Reference","Southeast Asia",2060,"gdp-per-capita",13.22,2024-02-05 11:54:21
"653","million 1990$","Reference","Southeast Asia",2065,"gdp-per-capita",15.0109,2024-02-05 11:54:21
"654","million 1990$","Reference","Southeast Asia",2070,"gdp-per-capita",16.842,2024-02-05 11:54:21
"655","million 1990$","Reference","Southeast Asia",2075,"gdp-per-capita",18.7032,2024-02-05 11:54:21
"656","million 1990$","Reference","Southeast Asia",2080,"gdp-per-capita",20.6278,2024-02-05 11:54:21
"657","million 1990$","Reference","Southeast Asia",2085,"gdp-per-capita",22.6169,2024-02-05 11:54:21
"658","million 1990$","Reference","Southeast Asia",2090,"gdp-per-capita",24.6976,2024-02-05 11:54:21
"659","million 1990$","Reference","Southeast Asia",2095,"gdp-per-capita",26.8716,2024-02-05 11:54:21
"660","million 1990$","Reference","Southeast Asia",2100,"gdp-per-capita",29.1179,2024-02-05 11:54:21
"661","million 1990$","Reference","Taiwan",1975,"gdp-per-capita",1.8266,2024-02-05 11:54:21
"662","million 1990$","Reference","Taiwan",1990,"gdp-per-capita",5.02134,2024-02-05 11:54:21
"663","million 1990$","Reference","Taiwan",2005,"gdp-per-capita",10.5583,2024-02-05 11:54:21
"664","million 1990$","Reference","Taiwan",2010,"gdp-per-capita",12.7549,2024-02-05 11:54:21
"665","million 1990$","Reference","Taiwan",2015,"gdp-per-capita",14.2543,2024-02-05 11:54:21
"666","million 1990$","Reference","Taiwan",2020,"gdp-per-capita",16.0869,2024-02-05 11:54:21
"667","million 1990$","Reference","Taiwan",2025,"gdp-per-capita",17.9966,2024-02-05 11:54:21
"668","million 1990$","Reference","Taiwan",2030,"gdp-per-capita",19.6704,2024-02-05 11:54:21
"669","million 1990$","Reference","Taiwan",2035,"gdp-per-capita",21.2145,2024-02-05 11:54:21
"670","million 1990$","Reference","Taiwan",2040,"gdp-per-capita",22.528,2024-02-05 11:54:21
"671","million 1990$","Reference","Taiwan",2045,"gdp-per-capita",23.3859,2024-02-05 11:54:21
"672","million 1990$","Reference","Taiwan",2050,"gdp-per-capita",23.718,2024-02-05 11:54:21
"673","million 1990$","Reference","Taiwan",2055,"gdp-per-capita",23.6328,2024-02-05 11:54:21
"674","million 1990$","Reference","Taiwan",2060,"gdp-per-capita",23.4493,2024-02-05 11:54:21
"675","million 1990$","Reference","Taiwan",2065,"gdp-per-capita",23.9503,2024-02-05 11:54:21
"676","million 1990$","Reference","Taiwan",2070,"gdp-per-capita",24.296,2024-02-05 11:54:21
"677","million 1990$","Reference","Taiwan",2075,"gdp-per-capita",24.3966,2024-02-05 11:54:21
"678","million 1990$","Reference","Taiwan",2080,"gdp-per-capita",24.3165,2024-02-05 11:54:21
"679","million 1990$","Reference","Taiwan",2085,"gdp-per-capita",23.978,2024-02-05 11:54:21
"680","million 1990$","Reference","Taiwan",2090,"gdp-per-capita",23.4785,2024-02-05 11:54:21
"681","million 1990$","Reference","Taiwan",2095,"gdp-per-capita",22.8437,2024-02-05 11:54:21
"682","million 1990$","Reference","Taiwan",2100,"gdp-per-capita",22.071,2024-02-05 11:54:21
"683","million 1990$","Reference","USA",1975,"gdp-per-capita",16.3025,2024-02-05 11:54:21
"684","million 1990$","Reference","USA",1990,"gdp-per-capita",23.5499,2024-02-05 11:54:21
"685","million 1990$","Reference","USA",2005,"gdp-per-capita",32.0492,2024-02-05 11:54:21
"686","million 1990$","Reference","USA",2010,"gdp-per-capita",31.7769,2024-02-05 11:54:21
"687","million 1990$","Reference","USA",2015,"gdp-per-capita",34.1022,2024-02-05 11:54:21
"688","million 1990$","Reference","USA",2020,"gdp-per-capita",36.4271,2024-02-05 11:54:21
"689","million 1990$","Reference","USA",2025,"gdp-per-capita",38.3064,2024-02-05 11:54:21
"690","million 1990$","Reference","USA",2030,"gdp-per-capita",41.5464,2024-02-05 11:54:21
"691","million 1990$","Reference","USA",2035,"gdp-per-capita",44.6233,2024-02-05 11:54:21
"692","million 1990$","Reference","USA",2040,"gdp-per-capita",47.3918,2024-02-05 11:54:21
"693","million 1990$","Reference","USA",2045,"gdp-per-capita",49.8615,2024-02-05 11:54:21
"694","million 1990$","Reference","USA",2050,"gdp-per-capita",51.9479,2024-02-05 11:54:21
"695","million 1990$","Reference","USA",2055,"gdp-per-capita",53.9073,2024-02-05 11:54:21
"696","million 1990$","Reference","USA",2060,"gdp-per-capita",55.8917,2024-02-05 11:54:21
"697","million 1990$","Reference","USA",2065,"gdp-per-capita",58.0066,2024-02-05 11:54:21
"698","million 1990$","Reference","USA",2070,"gdp-per-capita",60.0596,2024-02-05 11:54:21
"699","million 1990$","Reference","USA",2075,"gdp-per-capita",62.082,2024-02-05 11:54:21
"700","million 1990$","Reference","USA",2080,"gdp-per-capita",64.3647,2024-02-05 11:54:21
"701","million 1990$","Reference","USA",2085,"gdp-per-capita",66.8254,2024-02-05 11:54:21
"702","million 1990$","Reference","USA",2090,"gdp-per-capita",69.4789,2024-02-05 11:54:21
"703","million 1990$","Reference","USA",2095,"gdp-per-capita",72.3997,2024-02-05 11:54:21
"704","million 1990$","Reference","USA",2100,"gdp-per-capita",75.5789,2024-02-05 11:54:21
